iata_code,name
PFN, Panama City–Bay County International Airport
OCA,Ocean Reef Club Airport
PQS,Pilot Station Airport
CSE,Crested Butte Airpark
JCY,LBJ Ranch Airport
PMX,Metropolitan Airport
WLR,Loring Seaplane Base
NUP,Nunapitchuk Airport
PTC,Port Alice Seaplane Base
ICY,Icy Bay Airport
PPV,Port Protection Seaplane Base
KKK,Kalakaket Creek AS Airport
MHS,Dunsmuir Muni-Mott Airport
NIR,Chase Field Industrial Airport
GCT,Grand Canyon Bar Ten Airstrip
ELW,Ellamar Seaplane Base
LVD,Lime Village Airport
HGZ,Hog River Airport
OTN,Ed-Air Airport
TLF,Telida Airport
BZT,Eagle Air Park
HBH,Entrance Island Seaplane Base
FAK,False Island Seaplane Base
BYW,Blakely Island Airport
DRF,Drift River Airport
BDF,Rinkenberger Restricted Landing Area
VRS,Roy Otten Memorial Airfield
GDH,Golden Horn Lodge Seaplane Base
ATT,Atmautluak Airport
LIV,Livengood Camp Airport
PDB,Pedro Bay Airport
KOZ,Ouzinkie Airport
TNK,Tununak Airport
EVA,Ben Bruce Memorial Airpark
WHD,Hyder Seaplane Base
MNT,Minto Al Wright Airport
TKI,Tokeen Seaplane Base
WKK,Aleknagik / New Airport
WFB,Ketchikan Harbor Seaplane Base
NNK,Naknek Airport
BKF,Lake Brooks Seaplane Base
BCS,Southern Seaplane Airport
SPQ,Catalina Air-Sea Terminal Heliport
TSS,East 34th Street Heliport
QNY,New York Skyports Inc Seaplane Base
BWL,Earl Henry Airport
WYB,Yes Bay Lodge Seaplane Base
CWS,Center Island Airport
TEK,Tatitlek Airport
DUF,Pine Island Airport
SSW,Stuart Island Airpark
FOB,Fort Bragg Airport
PUL,Port of Poulsbo Marina Moorage Seaplane Base
CCD,Century City Heliport
WMK,Meyers Chuck Seaplane Base
AXB,Maxson Airfield
REE,Reese Airpark
WDN,Waldron Airstrip
WWP,Whale Pass Seaplane Float Harbor Facility
CHU,Chuathbaluk Airport
UGS,Ugashik Airport
MXG,Marlboro Airport
PSQ,Philadelphia Seaplane Base
KLL,Levelock Airport
SGW,Saginaw Seaplane Base
WTL,Tuntutuliak Airport
TWA,Twin Hills Airport
KCQ,Chignik Lake Airport
AHT,Amchitka Air Force Base
CEX,Chena Hot Springs Airport
SOL,Solomon State Field
HED,Herendeen Bay Airport
TWE,Taylor Airport
KTH,Tikchik Lodge Seaplane Base
NKI,Naukati Bay Seaplane Base
LNI,Point Lonely Short Range Radar Site Airfield
CDL,Candle 2 Airport
AOS,Amook Bay Seaplane Base
BSW,Boswell Bay Airport
TGE,Sharpe Field
ALZ,Alitak Seaplane Base
AQY,Girdwood Airport
ARX,Asbury Park Neptune Air Terminal
AYZ,Zahn's Airport
HAE,Lava Falls Heliport
BKG,Branson Airport
BCJ,Baca Grande Airfield
ILL,Willmar Municipal -John L Rice Field
BNF,Baranof Warm Springs Float and Seaplane Base
BOF,Bolling Air Force Base
BOK,Brookings Airport
BQV,Bartlett Cove Seaplane Base
BRG,Whitesburg Municipal Airport
BYA,Boundary Airport
BZS,Buzzards Point Seaplane Base
CGA,Craig Seaplane Base
CHP,Circle Hot Springs Airport
CIV,Chomley Seaplane Base
CKD,Crooked Creek Airport
CKR,Crane Island Airstrip
CKU,Cordova Municipal Airport
CKX,Chicken Airport
CLC,Clear Lake Metroport
CLG,Coalinga Airport (1936)
EHT,Rentschler Heliport
HLI,Hollister Municipal Airport
CVR,Hughes Airport
CXC,Chitina Airport
CYM,Chatham Seaplane Base
CZK,Cascade Locks State Airport
CZN,Chisana Airport
CZO,Chistochina Airport
IUA,Canandaigua Airport
DJN,Delta Junction Airport
DCK,Dahl Creek Airport
DCR,Decatur HI-Way Airfield
DHB,Deer Harbor SPB
DPK,Deer Park Airport
DWS,Walt Disney World Airport / Lake Buena Vista STOLport
EDA,Edna Bay Seaplane Base
ESP,Birchwood-Pocono Airport
EXI,Excursion Inlet Seaplane Base
RGR,Ranger Municipal Airport
FAL,Falcon State Airport
FLE,Fort Lee Army Airfield
FLT,Flat Airport
FSN,Haley Army Airfield
GAB,Gabbs Airport
GFD,Pope Field
GNU,Goodnews Airport
GMT,Granite Mountain Air Station
GVE,Gordonsville Municipal Airport
HAY,Haycock Airport
HEY,Hanchey Army (Fort Rucker) Heliport
HGT,Tusi (Hunter Liggett) Army Heliport
HPV,Princeville Airport
WKL,Waikoloa Heliport
HKB,Healy Lake Airport
HYL,Hollis Clark Bay Seaplane Base
IVH,Ivishak Airport
JLA,Quartz Creek Airport
JPN,Pentagon Army Heliport
JRA,West 30th St. Heliport
JRB,Downtown-Manhattan/Wall St Heliport
AMK,Animas Air Park
BDX,Broadus Airport
EUE,Eureka Airport
KPT,Jackpot Airport/Hayden Field
RLA,Rolla Downtown Airport
FID,Elizabeth Field
HUD,Humboldt Municipal Airport
TWD,Jefferson County International Airport
MVM,Kayenta Airport
HCC,Columbia County Airport
AHD,Ardmore Downtown Executive Airport
GCW,Grand Canyon West Airport
CKE,Lampson Field
ROF,Montague-Yreka Rohrer Field
CNE,Fremont County Airport
RSX,Rouses Point Seaplane Base
COP,Cooperstown-Westville Airport
CIL,Council Airport
IRB,Iraan Municipal Airport
GNF,Gansner Field
CHZ,Chiloquin State Airport
LTW,St. Mary's County Regional Airport
AHF,Arapahoe Municipal Airport
PCT,Princeton Airport
CTO,Calverton Executive Airpark
NRI,Grand Lake Regional Airport
GTP,Grants Pass Airport
NLE,Jerry Tyler Memorial Airport
GCD,Grand Coulee Dam Airport
VLE,Valle Airport
FPY,Perry-Foley Airport
NTJ,Manti-Ephraim Airport
MSD,Mount Pleasant Airport
SBO,Salina Gunnison Airport
JVI,Central Jersey Regional Airport
UCE,Eunice Airport
GOL,Gold Beach Municipal Airport
KKT,Kentland Municipal Airport
PRW,Prentice Airport
EGP,Maverick County Memorial International Airport
BLD,Boulder City-Lake Mead International Airport
MFH,Mesquite International Airport
ECA,Iosco County Airport
FMU,Florence Municipal Airport
OTS,Anacortes Airport
ROL,Roosevelt Municipal Airport
CTK,Canton Municipal Airport
WPO,North Fork Valley Airport
ATE,Antlers Municipal Airport
QWG,Wilgrove Air Park
ASQ,Austin Airport
AAF,Apalachicola Regional Airport
ABE,Lehigh Valley International Airport
ABI,Abilene Regional Airport
ABQ,Albuquerque International Sunport
ABR,Aberdeen Regional Airport
ABY,Southwest Georgia Regional Airport
ACB,Antrim County Airport
ACK,Nantucket Memorial Airport
ACT,Waco Regional Airport
ACV,California Redwood Coast-Humboldt County International Airport
ACY,Atlantic City International Airport
ADG,Lenawee County Airport
ADT,Ada Regional Airport
ADM,Ardmore Municipal Airport
ADS,Addison Airport
ADW,Joint Base Andrews
KAE,Kake Seaplane Base
AEL,Albert Lea Municipal Airport
AEX,Alexandria International Airport
AFF,USAF Academy Airfield
WSG,Washington County Airport
AFN,Jaffrey Airport Silver Ranch Airport
AFO,Afton Municipal Airport
AFW,Fort Worth Alliance Airport
AGC,Allegheny County Airport
AGO,Magnolia Municipal Airport / Ralph C Weiser Field
AGS,Augusta Regional At Bush Field
AHC,Amedee Army Air Field
AHH,Amery Municipal Airport
AHN,Athens Ben Epps Airport
AIA,Alliance Municipal Airport
AID,Anderson Municipal Darlington Field
AIK,Aiken Regional Airport
AIO,Atlantic Municipal Airport
AIV,George Downer Airport
AIY,Atlantic City Municipal Bader Field
AIZ,Lee C Fine Memorial Airport
AKO,Colorado Plains Regional Airport
AKC,Akron Executive Airport
ALB,Albany International Airport
ALI,Alice International Airport
ALM,Alamogordo White Sands Regional Airport
ALN,St Louis Regional Airport
ALO,Waterloo Regional Airport
ALS,San Luis Valley Regional Airport/Bergman Field
ALW,Walla Walla Regional Airport
ALX,Thomas C Russell Field
AMA,Rick Husband Amarillo International Airport
AMN,Gratiot Community Airport
AMW,Ames Municipal Airport
ANB,Anniston Regional Airport
AND,Anderson Regional Airport
SLT,Salida Airport Harriett Alexander Field
ANP,Lee Airport
ANQ,Tri State Steuben County Airport
ANW,Ainsworth Regional Airport
ANY,Anthony Municipal Airport
AOH,Lima Allen County Airport
AOO,Altoona Blair County Airport
APA,Centennial Airport
APC,Napa County Airport
APF,Naples Municipal Airport
APG,Phillips Army Air Field
APH,A P Hill AAF (Fort A P Hill) Airport
APN,Alpena County Regional Airport
APT,Marion County Brown Field
APV,Apple Valley Airport
ARA,Acadiana Regional Airport
ARB,Ann Arbor Municipal Airport
ARG,Walnut Ridge Regional Airport
WHT,Wharton Regional Airport
AUZ,Aurora Municipal Airport
ART,Watertown International Airport
ARV,Lakeland-Noble F. Lee Memorial field
BFT,Beaufort County Airport
ASE,Aspen-Pitkin Co/Sardy Field
SPZ,Springdale Municipal Airport
ASH,Nashua Airport / Boire Field
ASL,Harrison County Airport
ASN,Talladega Municipal Airport
AST,Astoria Regional Airport
ASX,John F Kennedy Memorial Airport
ASY,Ashley Municipal Airport
ATL,Hartsfield Jackson Atlanta International Airport
ATS,Artesia Municipal Airport
ATW,Appleton International Airport
ATY,Watertown Regional Airport
AUG,Augusta State Airport
AUM,Austin Municipal Airport
AUN,Auburn Municipal Airport
AUO,Auburn University Regional Airport
AUS,Austin Bergstrom International Airport
AUW,Wausau Downtown Airport
AVL,Asheville Regional Airport
AVO,Avon Park Executive Airport
AVP,Wilkes Barre Scranton International Airport
AVW,Marana Regional Airport
AVX,Catalina Airport
AWM,West Memphis Municipal Airport
AXG,Algona Municipal Airport
AXN,Chandler Field
AXS,Altus Quartz Mountain Regional Airport
AXV,Neil Armstrong Airport
AXX,Angel Fire Airport
AYE,Ft Devens Moore Army Air Field
AYS,Waycross Ware County Airport
TUH,Arnold Air Force Base
AZO,Kalamazoo Battle Creek International Airport
BAB,Beale Air Force Base
BAD,Barksdale Air Force Base
BAF,Westfield-Barnes Regional Airport
CLU,Columbus Municipal Airport
BAM,Battle Mountain Airport
BBB,Benson Municipal Airport
BBD,Curtis Field
BTN,Marlboro County Jetport H.E. Avent Field
BBW,Broken Bow Municipal Airport
BCB,Virginia Tech Montgomery Executive Airport
BCE,Bryce Canyon Airport
BCT,Boca Raton Airport
BDE,Baudette International Airport
BDG,Blanding Municipal Airport
BDL,Bradley International Airport
BDR,Igor I Sikorsky Memorial Airport
WBU,Boulder Municipal Airport
KBE,Bell Island Hot Springs Seaplane Base
BEC,Beech Factory Airport
BED,Laurence G Hanscom Field
BEH,Southwest Michigan Regional Airport
BFD,Bradford Regional Airport
BFF,Western Neb. Rgnl/William B. Heilig Airport
BFI,Boeing Field King County International Airport
BFL,Meadows Field
BFM,Mobile Downtown Airport
BFR,Virgil I Grissom Municipal Airport
BGD,Hutchinson County Airport
BGE,Decatur County Industrial Air Park
BGM,Greater Binghamton/Edwin A Link field
BGR,Bangor International Airport
BHB,Hancock County-Bar Harbor Airport
BHM,Birmingham-Shuttlesworth International Airport
BID,Block Island State Airport
BIE,Beatrice Municipal Airport
BIF,Biggs Army Air Field (Fort Bliss)
BIH,Eastern Sierra Regional Airport
BIL,Billings Logan International Airport
BIS,Bismarck Municipal Airport
BIX,Keesler Air Force Base
BJC,Rocky Mountain Metropolitan Airport
BJI,Bemidji Regional Airport
BJJ,Wayne County Airport
BKD,Stephens County Airport
BKE,Baker City Municipal Airport
BFK,Buckley Air Force Base
BKL,Burke Lakefront Airport
BKT,Allen C Perkinson Blackstone Army Air Field
BKW,Raleigh County Memorial Airport
BKX,Brookings Regional Airport
BLF,Mercer County Airport
BLH,Blythe Airport
BLI,Bellingham International Airport
BLM,Monmouth Executive Airport
BLU,Blue Canyon Nyack Airport
BLV,Scott AFB/Midamerica Airport
BMC,Brigham City Regional Airport
BMG,Monroe County Airport
BMI,Central Illinois Regional Airport at Bloomington-Normal
BML,Berlin Regional Airport
BMT,Beaumont Municipal Airport
BNA,Nashville International Airport
BNG,Banning Municipal Airport
BNL,Barnwell Regional Airport
BNO,Burns Municipal Airport
BNW,Boone Municipal Airport
BOI,Boise Air Terminal/Gowen Field
BOS,Logan International Airport
BOW,Bartow Executive Airport
HCA,Big Spring Mc Mahon-Wrinkle Airport
BPI,Miley Memorial Field
WMH,Ozark Regional Airport
BPT,Jack Brooks Regional Airport
BQK,Brunswick Golden Isles Airport
BRD,Brainerd Lakes Regional Airport
BRL,Southeast Iowa Regional Airport
BRO,Brownsville South Padre Island International Airport
BRY,Samuels Field
BTF,Skypark Airport
BTL,Battle Creek Executive Airport at Kellogg Field
BTM,Bert Mooney Airport
TTO,Britton Municipal Airport
BTP,Pittsburgh/Butler Regional Airport
BTR,Baton Rouge Metropolitan Airport
BTV,Burlington International Airport
BTY,Beatty Airport
BUB,Cram Field
BUF,Buffalo Niagara International Airport
BUM,Butler Memorial Airport
BUR,Bob Hope Airport
BFP,Beaver County Airport
BVO,Bartlesville Municipal Airport
MVW,Skagit Regional Airport
BVX,Batesville Regional Airport
BVY,Beverly Regional Airport
BWC,Brawley Municipal Airport
BWD,Brownwood Regional Airport
BWG,Bowling Green Warren County Regional Airport
BWI,Baltimore/Washington International Thurgood Marshall Airport
WAH,Harry Stern Airport
BWM,Bowman Regional Airport
BXA,George R Carr Memorial Air Field
BXK,Buckeye Municipal Airport
BYG,Johnson County Airport
BYH,Arkansas International Airport
BYI,Burley Municipal Airport
BYS,Bicycle Lake Army Air Field
BBC,Bay City Regional Airport
BZN,Gallatin Field
XES,Grand Geneva Resort Airport
PLY,Plymouth Municipal Airport
CLG,New Coalinga Municipal Airport
CAD,Wexford County Airport
CAE,Columbia Metropolitan Airport
CIG,Craig Moffat Airport
CAK,Akron Canton Regional Airport
CAO,Clayton Municipal Airpark
CAR,Caribou Municipal Airport
CBE,Greater Cumberland Regional Airport
CBF,Council Bluffs Municipal Airport
CBK,Shalz Field
CBM,Columbus Air Force Base
KCC,Coffman Cove Seaplane Base
CCB,Cable Airport
CCR,Buchanan Field
CCY,Northeast Iowa Regional Airport
LLX,Caledonia County Airport
CDC,Cedar City Regional Airport
CDH,Harrell Field
CDN,Woodward Field
CDR,Chadron Municipal Airport
CDS,Childress Municipal Airport
CDW,Essex County Airport
CEA,Cessna Aircraft Field
CEC,Jack Mc Namara Field Airport
CEF,Westover ARB/Metropolitan Airport
CEU,Oconee County Regional Airport
CEV,Mettel Field
CEW,Bob Sikes Airport
CEY,Kyle Oakley Field
CEZ,Cortez Municipal Airport
CFD,Coulter Field
TZC,Tuscola Area Airport
CFT,Greenlee County Airport
CFV,Coffeyville Municipal Airport
KCG,Chignik Fisheries Airport
CGE,Cambridge Dorchester Airport
CGF,Cuyahoga County Airport
CGI,Cape Girardeau Regional Airport
CGS,College Park Airport
CGX,Chicago Meigs Airport
CGZ,Casa Grande Municipal Airport
CHA,Chattanooga Metropolitan Airport (Lovell Field)
CHK,Chickasha Municipal Airport
CHO,Charlottesville Albemarle Airport
CHS,Charleston International Airport
CIC,Chico Municipal Airport
CID,The Eastern Iowa Airport
CIN,Arthur N Neu Airport
CIR,Cairo Regional Airport
CIU,Chippewa County International Airport
CKA,Kegelman AF Aux Field
CKB,North Central West Virginia Airport
GRM,Grand Marais Cook County Airport
CKM,Fletcher Field
CKN,Crookston Municipal Kirkwood Field
CKV,Clarksville–Montgomery County Regional Airport
KCL,Chignik Lagoon Airport
CLE,Cleveland Hopkins International Airport
CLI,Clintonville Municipal Airport
CLK,Clinton Regional Airport
CLL,Easterwood Field
CLM,William R Fairchild International Airport
CLR,Cliff Hatfield Memorial Airport
CLS,Chehalis Centralia Airport
CLT,Charlotte Douglas International Airport
CLW,Clearwater Air Park
CMH,John Glenn Columbus International Airport
CMI,University of Illinois Willard Airport
CMX,Houghton County Memorial Airport
CMY,Sparta Fort Mc Coy Airport
KCN,Chernofski Harbor Seaplane Base
CNH,Claremont Municipal Airport
CNK,Blosser Municipal Airport
CNM,Cavern City Air Terminal
CNO,Chino Airport
CNU,Chanute Martin Johnson Airport
CNW,TSTC Waco Airport
CNY,Canyonlands Field
COD,Yellowstone Regional Airport
COE,Coeur D'Alene - Pappy Boyington Field
COF,Patrick Air Force Base
COI,Merritt Island Airport
COM,Coleman Municipal Airport
CON,Concord Municipal Airport
COS,City of Colorado Springs Municipal Airport
COT,Cotulla-La Salle County Airport
COU,Columbia Regional Airport
CPM,Compton Woodley Airport
CPR,Casper-Natrona County International Airport
CPS,St Louis Downtown Airport
HCW,Cheraw Municipal Airport/Lynch Bellinger Field
KCR,Colorado Creek Airport
CRE,Grand Strand Airport
CRG,Jacksonville Executive at Craig Airport
CRO,Corcoran Airport
CRP,Corpus Christi International Airport
CLD,Mc Clellan-Palomar Airport
CRS,C David Campbell Field Corsicana Municipal Airport
CRT,Z M Jack Stell Field
CRW,Yeager Airport
CRX,Roscoe Turner Airport
CSG,Columbus Metropolitan Airport
CSM,Clinton Sherman Airport
CSQ,Creston Municipal Airport
CSV,Crossville Memorial Whitson Field
CTB,Cut Bank International Airport
CTY,Cross City Airport
CTZ,Sampson County Airport
CUB,Jim Hamilton L.B. Owens Airport
CUH,Cushing Municipal Airport
CVG,Cincinnati Northern Kentucky International Airport
CKK,Sharp County Regional Airport
CVN,Clovis Municipal Airport
CVO,Corvallis Municipal Airport
CVS,Cannon Air Force Base
CWA,Central Wisconsin Airport
KIP,Kickapoo Downtown Airport
CWF,Chennault International Airport
CWI,Clinton Municipal Airport
CXL,Calexico International Airport
CXO,Conroe-North Houston Regional Airport
CSN,Carson Airport
HAR,Capital City Airport
CYS,Cheyenne Regional Jerry Olson Field
CZT,Dimmit County Airport
VEX,Tioga Municipal Airport
DAA,Davison Army Air Field
DAB,Daytona Beach International Airport
DAG,Barstow Daggett Airport
DAL,Dallas Love Field
DAN,Danville Regional Airport
DAY,James M Cox Dayton International Airport
DBN,W H 'Bud' Barron Airport
DBQ,Dubuque Regional Airport
DCA,Ronald Reagan Washington National Airport
DCU,Pryor Field Regional Airport
DDC,Dodge City Regional Airport
DEC,Decatur Airport
DEH,Decorah Municipal Airport
DEN,Denver International Airport
DET,Coleman A. Young Municipal Airport
DFI,Defiance Memorial Airport
DFW,Dallas Fort Worth International Airport
DGL,Douglas Municipal Airport
DGW,Converse County Airport
DHN,Dothan Regional Airport
DHT,Dalhart Municipal Airport
DIK,Dickinson Theodore Roosevelt Regional Airport
DKK,Chautauqua County-Dunkirk Airport
DLL,Dillon County Airport
DLF,Laughlin Air Force Base
DLH,Duluth International Airport
DLN,Dillon Airport
DLS,Columbia Gorge Regional Airport
DMA,Davis Monthan Air Force Base
DMN,Deming Municipal Airport
DMO,Sedalia Memorial Airport
DNL,Daniel Field
DNN,Dalton Municipal Airport
DNS,Denison Municipal Airport
DNV,Vermilion Regional Airport
DOV,Dover Air Force Base
DPA,Dupage Airport
DPG,Michael AAF (Dugway Proving Ground) Airport
DRA,Desert Rock Airport
DRI,Beauregard Regional Airport
DRE,Drummond Island Airport
DRO,Durango La Plata County Airport
DRT,Del Rio International Airport
DSM,Des Moines International Airport
DSV,Dansville Municipal Airport
DTA,Delta Municipal Airport
DTL,Detroit Lakes Airport - Wething Field
DTN,Shreveport Downtown Airport
DSI,Destin Executive Airport
DTW,Detroit Metropolitan Wayne County Airport
DUA,Eaker Field
DUC,Halliburton Field
DUG,Bisbee Douglas International Airport
DUJ,DuBois Regional Airport
DVL,Devils Lake Regional Airport
DVN,Davenport Municipal Airport
NOT,Marin County Airport - Gnoss Field
NSL,Slayton Municipal Airport
DVT,Phoenix Deer Valley Airport
DWF,Wright Field
DWH,David Wayne Hooks Memorial Airport
DXR,Danbury Municipal Airport
DYL,Doylestown Airport
DYS,Dyess Air Force Base
MIF,Roy Hurd Memorial Airport
CCG,Crane County Airport
ESO,Ohkay Owingeh Airport
WTR,Whiteriver Airport
ALE,Alpine Casparis Municipal Airport
BGT,Bagdad Airport
EAN,Phifer Airfield
EAR,Kearney Regional Airport
EAT,Pangborn Memorial Airport
EAU,Chippewa Valley Regional Airport
KEB,Nanwalek Airport
EBS,Webster City Municipal Airport
ECG,Elizabeth City Regional Airport & Coast Guard Air Station
ECP,Northwest Florida Beaches International Airport
ECS,Mondell Field
EDE,Northeastern Regional Airport
ETS,Enterprise Municipal Airport
EDW,Edwards Air Force Base
EED,Needles Airport
EEN,Dillant Hopkins Airport
EFD,Ellington Airport
EFK,Northeast Kingdom International Airport
EFW,Jefferson Municipal Airport
EGE,Eagle County Regional Airport
EGI,Duke Field
EGV,Eagle River Union Airport
KEK,Ekwok Airport
EKA,Murray Field
EKI,Elkhart Municipal Airport
EKN,Elkins-Randolph Co-Jennings Randolph Field
EKO,Elko Regional Airport
EKX,Addington Field / Elizabethtown Regional Airport
ELA,Eagle Lake Airport
ELD,South Arkansas Regional At Goodwin Field
ELK,Elk City Regional Business Airport
ELM,Elmira Corning Regional Airport
ELN,Bowers Field
LYU,Ely Municipal Airport
ELP,El Paso International Airport
ELY,Ely Airport Yelland Field
ELZ,"Wellsville Municipal Arpt,Tarantine Field"
EMM,Kemmerer Municipal Airport
EMP,Emporia Municipal Airport
EMT,San Gabriel Valley Airport
END,Vance Air Force Base
ENL,Centralia Municipal Airport
ENV,Wendover Airport
ENW,Kenosha Regional Airport
EOK,Keokuk Municipal Airport
EPH,Ephrata Municipal Airport
EDK,Captain Jack Thomas El Dorado Airport
ERI,Erie International Tom Ridge Field
ERR,Errol Airport
ERV,Kerrville Municipal Louis Schreiner Field
ESC,Delta County Airport
ESF,Esler Regional Airport
ESN,Easton Airport / Newnam Field
EST,Estherville Municipal Airport
ESW,Easton State Airport
ETB,West Bend Municipal Airport
ETN,Eastland Municipal Airport
EUF,Weedon Field
EUG,Mahlon Sweet Field
EVM,Eveleth Virginia Municipal Airport
EVV,Evansville Regional Airport
EVW,Evanston-Uinta County Airport-Burns Field
EWB,New Bedford Regional Airport
EWK,Newton City-County Airport
EWN,Coastal Carolina Regional Airport
EWR,Newark Liberty International Airport
EYW,Key West International Airport
WIB,Wilbarger County Airport
RBK,French Valley Airport
FAF,Felker Army Air Field
FAM,Farmington Regional Airport
FAR,Hector International Airport
FAT,Fresno Yosemite International Airport
FAY,Fayetteville Regional Airport - Grannis Field
FBG,Simmons Army Air Field
FBL,Faribault Municipal Airport-Liz Wall Strohfus Field
FBR,Fort Bridger Airport
FBY,Fairbury Municipal Airport
FCH,Fresno Chandler Executive Airport
FCM,Flying Cloud Airport
FCS,Butts AAF (Fort Carson) Air Field
FCY,Forrest City Municipal Airport
FDK,Frederick Municipal Airport
FDR,Frederick Regional Airport
FDY,Findlay Airport
FEP,Albertus Airport
FET,Fremont Municipal Airport
FFA,First Flight Airport
FFL,Fairfield Municipal Airport
FFM,Fergus Falls Municipal Airport - Einar Mickelson Field
FFO,Wright-Patterson Air Force Base
FFT,Capital City Airport
MSC,Falcon Field
FRD,Friday Harbor Airport
FHU,Sierra Vista Municipal Airport / Libby Army Air Field
FKL,Venango Regional Airport
FKN,Franklin Regional Airport
FLD,Fond du Lac County Airport
FLG,Flagstaff Pulliam International Airport
FLL,Fort Lauderdale Hollywood International Airport
FLO,Florence Regional Airport
FLP,Marion County Regional Airport
FLU,Flushing Airport
FLV,Sherman Army Air Field
FLX,Fallon Municipal Airport
FME,Tipton Airport
FMH,Cape Cod Coast Guard Air Station
FMN,Four Corners Regional Airport
FMY,Page Field
FNL,Northern Colorado Regional Airport
FNT,Bishop International Airport
FOD,Fort Dodge Regional Airport
FOE,Topeka Regional Airport
FOK,Francis S Gabreski Airport
FIL,Fillmore Municipal Airport
FPR,St Lucie County International Airport
FRG,Republic Airport
FRH,French Lick Municipal Airport
FRI,Marshall Army Air Field
FRM,Fairmont Municipal Airport
FRR,Front Royal Warren County Airport
FSD,Sioux Falls Regional Airport / Joe Foss Field
FSI,Henry Post Army Air Field (Fort Sill)
FSK,Fort Scott Municipal Airport
FSM,Fort Smith Regional Airport
FST,Fort Stockton Pecos County Airport
FSU,Fort Sumner Municipal Airport
FMS,Fort Madison Municipal Airport
FTK,Godman Army Air Field
FTW,Fort Worth Meacham International Airport
FTY,Fulton County Airport Brown Field
FUL,Fullerton Municipal Airport
WFK,Northern Aroostook Regional Airport
FWA,Fort Wayne International Airport
FXE,Fort Lauderdale Executive Airport
FXY,Forest City Municipal Airport
FYM,Fayetteville Municipal Airport
FYV,Drake Field
GAD,Northeast Alabama Regional Airport
GAG,Gage Airport
GAI,Montgomery County Airpark
GBD,Great Bend Municipal Airport
GBG,Galesburg Municipal Airport
GBR,Walter J. Koladza Airport
GCC,Gillette Campbell County Airport
JDA,Grant Co Regional/Ogilvie Field
GCK,Garden City Regional Airport
GCN,Grand Canyon National Park Airport
GCY,Greeneville Municipal Airport
GDM,Gardner Municipal Airport
GDV,Dawson Community Airport
GDW,Gladwin Zettel Memorial Airport
GED,Sussex County Airport
GEG,Spokane International Airport
GEY,South Big Horn County Airport
GFA,Malmstrom Air Force Base
GFK,Grand Forks International Airport
GFL,Floyd Bennett Memorial Airport
GGE,Georgetown County Airport
GGG,East Texas Regional Airport
GGW,Wokal Field/Glasgow-Valley County Airport
GHM,Centerville Municipal Airport
GIF,Winter Haven Regional Airport - Gilbert Field
GJT,Grand Junction Regional Airport
MEJ,Port Meadville Airport
GKT,Gatlinburg-Pigeon Forge Airport
GLD,Renner Field-Goodland Municipal Airport
GLE,Gainesville Municipal Airport
GLH,Mid Delta Regional Airport
GLR,Gaylord Regional Airport
GLS,Scholes International At Galveston Airport
GLW,Glasgow Municipal Airport
GMU,Greenville Downtown Airport
GNG,Gooding Municipal Airport
GNT,Grants-Milan Municipal Airport
GNV,Gainesville Regional Airport
GOK,Guthrie-Edmond Regional Airport
GON,Groton New London Airport
FCA,Glacier Park International Airport
GPT,Gulfport Biloxi International Airport
GPZ,Grand Rapids Itasca Co-Gordon Newstrom field
GQQ,Galion Municipal Airport
GRB,Austin Straubel International Airport
GRD,Greenwood County Airport
GRE,Greenville Airport
GRF,Gray Army Air Field
GRI,Central Nebraska Regional Airport
GRK,Killeen-Fort Hood Regional Airport / Robert Gray Army Air Field
GRN,Gordon Municipal Airport
GRR,Gerald R. Ford International Airport
GSB,Seymour Johnson Air Force Base
GSH,Goshen Municipal Airport
GSO,Piedmont Triad International Airport
GSP,Greenville Spartanburg International Airport
GSW,Greater Southwest International Airport-Amon Carter Field
GTF,Great Falls International Airport
GTG,Grantsburg Municipal Airport
GTR,Golden Triangle Regional Airport
GUC,Gunnison Crested Butte Regional Airport
GUP,Gallup Municipal Airport
GUS,Grissom Air Reserve Base
GUY,Guymon Municipal Airport
GVL,Lee Gilmer Memorial Airport
GVT,Majors Airport
GVW,Richards-Gebaur Air Force Base
GWO,Greenwood–Leflore Airport
GWS,Glenwood Springs Municipal Airport
KGX,Grayling Airport
GXY,Greeley–Weld County Airport
GDC,Donaldson Field Airport
PNX,North Texas Regional Airport/Perrin Field
GYR,Phoenix Goodyear Airport
GYY,Gary Chicago International Airport
KGZ,Glacier Creek Airport
HAB,Marion County Rankin Fite Airport
HAF,Half Moon Bay Airport
HAI,Three Rivers Municipal Dr Haines Airport
HAO,Butler Co Regional Airport - Hogan Field
HAX,Hatbox Field
HBG,Hattiesburg Bobby L Chain Municipal Airport
HBR,Hobart Regional Airport
HCA,Howard County Municipal Airport
HDE,Brewster Field
HDN,Yampa Valley Airport
HEE,Thompson-Robbins Airport
MNZ,Manassas Regional Airport/Harry P. Davis Field
HEZ,Hardy-Anders Field / Natchez-Adams County Airport
HFD,Hartford Brainard Airport
HFF,Mackall Army Air Field
HGR,Hagerstown Regional Richard A Henson Field
HHR,Jack Northrop Field Hawthorne Municipal Airport
HUJ,Stan Stamper Municipal Airport
HIB,Range Regional Airport
HIE,Mount Washington Regional Airport
HIF,Hill Air Force Base
HII,Lake Havasu City International Airport
HIO,Portland Hillsboro Airport
HKA,Blytheville Municipal Airport
HKS,Hawkins Field
HKY,Hickory Regional Airport
HLB,Hillenbrand Industries Airport
HLC,Hill City Municipal Airport
HLG,Wheeling Ohio County Airport
HLM,Park Township Airport
HLN,Helena Regional Airport
HLR,Hood Army Air Field
HMN,Holloman Air Force Base
HMT,Hemet Ryan Airport
HNB,Huntingburg Airport
HSH,Henderson Executive Airport
HOB,Lea County Regional Airport
HON,Huron Regional Airport
HOP,Campbell AAF (Fort Campbell) Air Field
HOT,Memorial Field
HOU,William P Hobby Airport
HPN,Westchester County Airport
HPT,Hampton Municipal Airport
HPY,Baytown Airport
HQM,Bowerman Airport
HES,Hermiston Municipal Airport
HRL,Valley International Airport
HRO,Boone County Airport
HSB,Harrisburg-Raleigh Airport
HNC,Billy Mitchell Airport
THP,Hot Springs County Airport
HSI,Hastings Municipal Airport
HSP,Ingalls Field
HST,Homestead ARB Airport
HSV,Huntsville International Carl T Jones Field
HTH,Hawthorne Industrial Airport
HTL,Roscommon County - Blodgett Memorial Airport
HTO,East Hampton Airport
HTS,Tri-State/Milton J. Ferguson Field
HTW,Lawrence County Airpark
HUA,Redstone Army Air Field
HUF,"Terre Haute Regional Airport, Hulman Field"
HUL,Houlton International Airport
HUM,Houma Terrebonne Airport
HUT,Hutchinson Municipal Airport
HVE,Hanksville Airport
HVN,Tweed New Haven Airport
HVR,Havre City County Airport
HVS,Hartsville Regional Airport
HWD,Hayward Executive Airport
HWO,North Perry Airport
WSH,Brookhaven Airport
HHH,Hilton Head Airport
HYA,Barnstable Municipal Boardman Polando Field
HYR,Sawyer County Airport
HYS,Hays Regional Airport
HZL,Hazleton Municipal Airport
JFN,Northeast Ohio Regional Airport
IAB,Mc Connell Air Force Base
IAD,Washington Dulles International Airport
IAG,Niagara Falls International Airport
IAH,George Bush Intercontinental Houston Airport
KIB,Ivanof Bay Seaplane Base
ICL,Schenck Field
ICT,Wichita Eisenhower National Airport
IDA,Idaho Falls Regional Airport
IDI,Indiana County/Jimmy Stewart Fld/ Airport
IDP,Independence Municipal Airport
XPR,Pine Ridge Airport
IFA,Iowa Falls Municipal Airport
IFP,Laughlin Bullhead International Airport
IGM,Kingman Airport
IKK,Greater Kankakee Airport
ILE,Skylark Field
ILG,New Castle Airport
ILM,Wilmington International Airport
ILN,Wilmington Airpark
IML,Imperial Municipal Airport
IMM,Immokalee Regional Airport
MDN,Madison Municipal Airport
IMT,Ford Airport
IND,Indianapolis International Airport
INK,Winkler County Airport
INL,Falls International Airport
INS,Creech Air Force Base
INT,Smith Reynolds Airport
INW,Winslow Lindbergh Regional Airport
IOW,Iowa City Municipal Airport
IPL,Imperial County Airport
IPT,Williamsport Regional Airport
IRK,Kirksville Regional Airport
IRS,Kirsch Municipal Airport
ISM,Kissimmee Gateway Airport
ISN,Sloulin Field International Airport
ISO,Kinston Regional Jetport At Stallings Field
ISP,Long Island Mac Arthur Airport
ISQ,Schoolcraft County Airport
ISW,Alexander Field South Wood County Airport
ITH,Ithaca Tompkins Regional Airport
AZA,Phoenix-Mesa-Gateway Airport
IWD,Gogebic Iron County Airport
ISS,Wiscasset Airport
IWS,West Houston Airport
JCI,New Century Aircenter Airport
IYK,Inyokern Airport
SQA,Santa Ynez Airport
FRY,Eastern Slopes Regional Airport
JAC,Jackson Hole Airport
JAN,Jackson-Medgar Wiley Evers International Airport
JAS,Jasper County Airport-Bell Field
JAX,Jacksonville International Airport
JBR,Jonesboro Municipal Airport
JCT,Kimble County Airport
JDN,Jordan Airport
JEF,Jefferson City Memorial Airport
JFK,John F Kennedy International Airport
JHW,Chautauqua County-Jamestown Airport
GUF,Jack Edwards Airport
JLN,Joplin Regional Airport
JMS,Jamestown Regional Airport
JOT,Joliet Regional Airport
USA,Concord-Padgett Regional Airport
JKV,Cherokee County Airport
JST,John Murtha Johnstown Cambria County Airport
JVL,Southern Wisconsin Regional Airport
JXN,Jackson County Reynolds Field
KKB,Kitoi Bay Seaplane Base
KIC,Mesa Del Rey Airport
KKL,Karluk Lake Seaplane Base
KLS,Southwest Washington Regional Airport
KKU,Ekuk Airport
DTH,Furnace Creek Airport
BXS,Borrego Valley Airport
RBF,Big Bear City Airport
TRH,Trona Airport
LAA,Southeast Colorado Regional Airport
LAF,Purdue University Airport
LAL,Lakeland Linder International Airport
LAM,Los Alamos Airport
LAN,Capital City Airport
LAR,Laramie Regional Airport
LAS,McCarran International Airport
LAW,Lawton Fort Sill Regional Airport
LAX,Los Angeles International Airport
LBB,Lubbock Preston Smith International Airport
LBE,Arnold Palmer Regional Airport
LBF,North Platte Regional Airport Lee Bird Field
LBL,Liberal Mid-America Regional Airport
LBT,Lumberton Regional Airport
LJN,Texas Gulf Coast Regional Airport
LCH,Lake Charles Regional Airport
LCI,Laconia Municipal Airport
LCK,Rickenbacker International Airport
LCQ,Lake City Gateway Airport
LDJ,Linden Airport
LDM,Mason County Airport
LEB,Lebanon Municipal Airport
LEE,Leesburg International Airport
LEM,Lemmon Municipal Airport
LEW,Auburn Lewiston Municipal Airport
LEX,Blue Grass Airport
LFI,Langley Air Force Base
LFK,Angelina County Airport
LFT,Lafayette Regional Airport
LGA,La Guardia Airport
LGB,Long Beach Airport (Daugherty Field)
LGC,LaGrange Callaway Airport
LGD,La Grande/Union County Airport
LGF,Laguna Army Airfield
LGU,Logan-Cache Airport
LHC,Arlington Municipal Airport
LHV,William T. Piper Memorial Airport
LIY,Wright AAF (Fort Stewart)/Midcoast Regional Airport
LFN,Triangle North Executive Airport
LIC,Limon Municipal Airport
LIT,Bill & Hillary Clinton National Airport/Adams Field
LJN,Lake Jackson Dow Airport
LKP,Lake Placid Airport
LOW,Louisa County Airport/Freeman Field
LKV,Lake County Airport
CHL,Challis Airport
LMS,Louisville Winston County Airport
LMT,Crater Lake-Klamath Regional Airport
LNA,Palm Beach County Park Airport
LND,Hunt Field
LNK,Lincoln Airport
LNN,Lake County Executive Airport
LNP,Lonesome Pine Airport
LNR,Tri-County Regional Airport
LNS,Lancaster Airport
LOL,Derby Field
BBX,Wings Field
LOT,Lewis University Airport
LOU,Bowman Field
LOZ,London-Corbin Airport/Magee Field
LPC,Lompoc Airport
LQK,Pickens County Airport
LRD,Laredo International Airport
LRF,Little Rock Air Force Base
LRJ,Le Mars Municipal Airport
LRU,Las Cruces International Airport
LSB,Lordsburg Municipal Airport
LSE,La Crosse Municipal Airport
LSF,Lawson Army Air Field (Fort Benning)
LSK,Lusk Municipal Airport
LSN,Los Banos Municipal Airport
LSV,Nellis Air Force Base
LTS,Altus Air Force Base
LUF,Luke Air Force Base
LUK,Cincinnati Municipal Airport Lunken Field
LUL,Hesler Noble Field
LVK,Livermore Municipal Airport
LVL,Brunswick Municipal Airport
LVM,Mission Field
LVS,Las Vegas Municipal Airport
LWB,Greenbrier Valley Airport
LWC,Lawrence Municipal Airport
LWL,Wells Municipal Airport/Harriet Field
LWM,Lawrence Municipal Airport
LWS,Lewiston Nez Perce County Airport
LWT,Lewistown Municipal Airport
LWV,Lawrenceville Vincennes International Airport
LXN,Jim Kelly Field
LXV,Lake County Airport
LYH,Lynchburg Regional Preston Glenn Field
LYO,Lyons-Rice County Municipal Airport
LZU,Gwinnett County Briscoe Field
PCU,Poplarville Pearl River County Airport
MLK,Malta Airport
MAC,Macon Downtown Airport
MAE,Madera Municipal Airport
MAF,Midland International Airport
MAW,Malden Regional Airport
MBG,Mobridge Municipal Airport
MBL,Manistee County Blacker Airport
DXE,Bruce Campbell Field
MBS,MBS International Airport
MBY,Omar N Bradley Airport
MCB,McComb-Pike County Airport / John E Lewis Field
MCC,Mc Clellan Airfield
MCD,Mackinac Island Airport
MCE,Merced Regional Macready Field
MCF,Mac Dill Air Force Base
MCI,Kansas City International Airport
MCK,Mc Cook Ben Nelson Regional Airport
MCN,Middle Georgia Regional Airport
MCO,Orlando International Airport
MCW,Mason City Municipal Airport
MDA,Martindale Army Heliport
MDD,Midland Airpark
MDH,Southern Illinois Airport
XMD,Madison Municipal Airport
MDT,Harrisburg International Airport
MDW,Chicago Midway International Airport
MDF,Taylor County Airport
MXE,Laurinburg Maxton Airport
MEI,Key Field / Meridian Regional Airport
MEM,Memphis International Airport
MER,Castle Airport
MEV,Minden-Tahoe Airport
MFD,Mansfield Lahm Regional Airport
MFE,Mc Allen Miller International Airport
MFI,Marshfield Municipal Airport
MFR,Rogue Valley International Medford Airport
MFV,Accomack County Airport
MGC,Michigan City Municipal Airport
MGE,Dobbins Air Reserve Base
MGJ,Orange County Airport
MGM,Montgomery Regional (Dannelly Field) Airport
MGR,Moultrie Municipal Airport
MGW,Morgantown Municipal Walter L. Bill Hart Field
MGY,Dayton-Wright Brothers Airport
MHE,Mitchell Municipal Airport
MHK,Manhattan Regional Airport
MHL,Marshall Memorial Municipal Airport
MHR,Sacramento Mather Airport
MHT,Manchester-Boston Regional Airport
MHV,Mojave Airport
MIA,Miami International Airport
MIB,Minot Air Force Base
MIE,Delaware County Johnson Field
MIT,Shafter Airport - Minter Field
MIV,Millville Municipal Airport
MJX,Ocean County Airport
MKC,Charles B. Wheeler Downtown Airport
MKE,General Mitchell International Airport
MKG,Muskegon County Airport
MKL,McKellar-Sipes Regional Airport
MRK,Marco Island Executive Airport
MLB,Melbourne International Airport
MLC,Mc Alester Regional Airport
MLI,Quad City International Airport
MLS,Frank Wiley Field
MLU,Monroe Regional Airport
MMH,Mammoth Yosemite Airport
MMI,McMinn County Airport
MML,Southwest Minnesota Regional Airport - Marshall/Ryan Field
MMS,Selfs Airport
MMT,Mc Entire Joint National Guard Base
MMU,Morristown Municipal Airport
MNM,Menominee Regional Airport
MNN,Marion Municipal Airport
MOB,Mobile Regional Airport
MOD,Modesto City Co-Harry Sham Field
MOT,Minot International Airport
RMY,Mariposa Yosemite Airport
MPJ,Petit Jean Park Airport
MPO,Pocono Mountains Municipal Airport
MPV,Edward F Knapp State Airport
MPZ,Mount Pleasant Municipal Airport
MQB,Macomb Municipal Airport
MEO,Dare County Regional Airport
CTH,Chester County G O Carlson Airport
MQY,Smyrna Airport
MRB,Eastern WV Regional Airport/Shepherd Field
MRC,Maury County Airport
MRF,Marfa Municipal Airport
MRN,Foothills Regional Airport
MRY,Monterey Peninsula Airport
MSL,Northwest Alabama Regional Airport
MSN,Dane County Regional Truax Field
MSO,Missoula International Airport
MSP,Minneapolis–Saint Paul International Airport / Wold–Chamberlain Field
MSS,Massena International Richards Field
MSV,Sullivan County International Airport
MSY,Louis Armstrong New Orleans International Airport
MTC,Selfridge Air National Guard Base Airport
MTH,The Florida Keys Marathon Airport
MTJ,Montrose Regional Airport
MTN,Martin State Airport
MTO,Coles County Memorial Airport
MTP,Montauk Airport
MTW,Manitowoc County Airport
MUI,Muir Army Air Field (Fort Indiantown Gap) Airport
MUO,Mountain Home Air Force Base
MUT,Muscatine Municipal Airport
MVC,Monroe County Aeroplex Airport
MVE,Montevideo Chippewa County Airport
MVL,Morrisville Stowe State Airport
MVY,Martha's Vineyard Airport
MWA,Veterans Airport of Southern Illinois
MWC,Lawrence J Timmerman Airport
MWH,Grant County International Airport
MWL,Mineral Wells Regional Airport
MWO,Middletown Regional Airport
MXA,Manila Municipal Airport
MXF,Maxwell Air Force Base
KMY,Moser Bay Seaplane Base
MYF,Montgomery-Gibbs Executive Airport
MYL,McCall Municipal Airport
MYR,Myrtle Beach International Airport
MYV,Yuba County Airport
MZJ,Pinal Airpark
MZZ,Marion Municipal Airport
CTX,Cortland County Chase Field
SXY,Sidney Municipal Airport
ESP,Stroudsburg Pocono Airport
NBG,New Orleans NAS JRB/Alvin Callender Field
NHX,Naval Outlying Field Barin
DGN,Dahlgren Naval Surface Warfare Center Airport
NEL,Lakehurst Maxfield Field Airport
NEN,Whitehouse Naval Outlying Field
NEW,Lakefront Airport
NFL,Fallon Naval Air Station
FWH,NAS Fort Worth JRB / Carswell Field
NGU,Norfolk Naval Station (Chambers Field)
NGZ,Alameda Naval Air Station
NHK,Patuxent River Naval Air Station (Trapnell Field)
NHZ,Brunswick Executive Airport
NIP,Jacksonville Naval Air Station (Towers Field)
NJK,El Centro NAF Airport (Vraciu Field)
NKX,Miramar Marine Corps Air Station - Mitscher Field
NLC,Lemoore Naval Air Station (Reeves Field) Airport
NPA,Pensacola Naval Air Station/Forrest Sherman Field
NQA,Millington-Memphis Airport
NQI,Kingsville Naval Air Station
NQX,Naval Air Station Key West/Boca Chica Field
NRB,Naval Station Mayport (Admiral David L. Mcdonald Field)
NRS,Naval Outlying Field Imperial Beach (Ream Field)
NSE,Whiting Field Naval Air Station - North
NTD,Point Mugu Naval Air Station (Naval Base Ventura Co)
NTU,Oceana Naval Air Station
NUQ,Moffett Federal Airfield
NUW,Whidbey Island Naval Air Station (Ault Field)
YUM,Yuma International Airport / Marine Corps Air Station Yuma
NZY,North Island Naval Air Station-Halsey Field
NVN,Nervino Airport
COA,Columbia Airport
ODC,Oakdale Airport
EYR,Yerington Municipal Airport
OAJ,Albert J Ellis Airport
OAK,Metropolitan Oakland International Airport
OAR,Marina Municipal Airport
OBE,Okeechobee County Airport
OCF,Ocala International Airport - Jim Taylor Field
OCH,A L Mangham Jr. Regional Airport
OCW,Warren Field
OEA,O'Neal Airport
OEO,L O Simenstad Municipal Airport
OFF,Offutt Air Force Base
OFK,Karl Stefan Memorial Airport
OGA,Searle Field
OGB,Orangeburg Municipal Airport
OGD,Ogden Hinckley Airport
OGS,Ogdensburg International Airport
OIC,Lt Warren Eaton Airport
OIL,Splane Memorial Airport
OJC,Johnson County Executive Airport
OCN,Oceanside Municipal Airport
OKC,Will Rogers World Airport
ODW,AJ Eisenberg Airport
OKK,Kokomo Municipal Airport
OKM,Okmulgee Regional Airport
OKS,Garden County Airport/King Rhiley Field
WGO,Winchester Regional Airport
OLD,"Dewitt Field,Old Town Municipal Airport"
OLF,L M Clayton Airport
OLM,Olympia Regional Airport
OLS,Nogales International Airport
OLV,Olive Branch Airport
OMA,Eppley Airfield
OMK,Omak Airport
ONL,The O'Neill Municipal John L Baker Field
ONO,Ontario Municipal Airport
ONP,Newport Municipal Airport
ONT,Ontario International Airport
OPF,Miami-Opa Locka Executive Airport
NCO,Quonset State Airport
ORD,Chicago O'Hare International Airport
ORF,Norfolk International Airport
ORH,Worcester Regional Airport
ORL,Orlando Executive Airport
ESD,Orcas Island Airport
OSC,Oscoda Wurtsmith Airport
OSH,Wittman Regional Airport
OSU,The Ohio State University Airport - Don Scott Field
OTH,Southwest Oregon Regional Airport
OTM,Ottumwa Regional Airport
OUN,University of Oklahoma Westheimer Airport
OVE,Oroville Municipal Airport
OWA,Owatonna Degner Regional Airport
OWB,Owensboro Daviess County Airport
OWD,Norwood Memorial Airport
OWK,Central Maine Airport of Norridgewock
OCE,Ocean City Municipal Airport
OXC,Waterbury Oxford Airport
OXD,Miami University Airport
OXR,Oxnard Airport
KOY,Olga Bay Seaplane Base
STQ,St Marys Municipal Airport
OZA,Ozona Municipal Airport
OZR,Cairns AAF (Fort Rucker) Air Field
BSQ,Bisbee Municipal Airport
PXL,Polacca Airport
GLB,San Carlos Apache Airport
HBK,Holbrook Municipal Airport
CWX,Cochise County Airport
PAE,Snohomish County (Paine Field) Airport
PAH,Barkley Regional Airport
PAM,Tyndall Air Force Base
PJB,Payson Airport
PAO,Palo Alto Airport of Santa Clara County
KPB,Point Baker Seaplane Base
PBF,"Pine Bluff Regional Airport, Grider Field"
PBG,Plattsburgh International Airport
PBI,Palm Beach International Airport
PVL,Pike County-Hatcher Field
PCD,Prairie Du Chien Municipal Airport
PDK,DeKalb Peachtree Airport
PDT,Eastern Oregon Regional At Pendleton Airport
PDX,Portland International Airport
PEQ,Pecos Municipal Airport
PGA,Page Municipal Airport
PGD,Charlotte County Airport
PGR,Kirk Field
PGV,Pitt Greenville Airport
PHD,Harry Clever Field
PHF,Newport News Williamsburg International Airport
ADR,Robert F Swinnie Airport
PHK,Palm Beach County Glades Airport
PHL,Philadelphia International Airport
PHN,St Clair County International Airport
PHP,Philip Airport
PHT,Henry County Airport
PHX,Phoenix Sky Harbor International Airport
PIA,General Wayne A. Downing Peoria International Airport
PIB,Hattiesburg Laurel Regional Airport
PIE,St Petersburg Clearwater International Airport
PIH,Pocatello Regional Airport
PIM,Harris County Airport
PIR,Pierre Regional Airport
PIT,Pittsburgh International Airport
PKB,Mid Ohio Valley Regional Airport
PKD,Park Rapids Municipal Konshok Field
PKF,Park Falls Municipal Airport
PLB,Clinton County Airport
PLK,M. Graham Clark Downtown Airport
PLN,Pellston Regional Airport of Emmet County Airport
PLR,St Clair County Airport
PMB,Pembina Municipal Airport
PMD,Palmdale Regional Airport / USAF Plant 42 Airport
PMH,Greater Portsmouth Regional Airport
PPM,Pompano Beach Airpark
PWY,Ralph Wenz Field
PNC,Ponca City Regional Airport
PNE,Northeast Philadelphia Airport
PNN,Princeton Municipal Airport
PNS,Pensacola International Airport
POB,Pope Field
POC,Brackett Field
POE,Polk Army Air Field
POF,Poplar Bluff Municipal Airport
POU,Dutchess County Airport
POY,Powell Municipal Airport
PPA,Perry Lefors Field
PPF,Tri-City Airport
LPO,La Porte Municipal Airport
PQI,Presque Isle International Airport
PGL,Trent Lott International Airport
KPR,Port Williams Seaplane Base
PRB,Paso Robles Municipal Airport
PRC,Prescott International Airport - Ernest A. Love Field
PRO,Perry Municipal Airport
PRX,Cox Field
PSC,Tri Cities Airport
PSF,Pittsfield Municipal Airport
PSK,New River Valley Airport
PSM,Portsmouth International at Pease Airport
PSN,Palestine Municipal Airport
PGO,Stevens Field
PSP,Palm Springs International Airport
PSX,Palacios Municipal Airport
PTB,Dinwiddie County Airport
PTK,Oakland County International Airport
PTN,Harry P Williams Memorial Airport
PTT,Pratt Regional Airport
PTV,Porterville Municipal Airport
PTW,Heritage Field
PUB,Pueblo Memorial Airport
PUC,Carbon County Regional/Buck Davis Field
PUW,Pullman Moscow Regional Airport
PVC,Provincetown Municipal Airport
PVD,Theodore Francis Green State Airport
PVF,Placerville Airport
PVU,Provo-Utah Lake International Airport
PVW,Hale County Airport
PVZ,Casement Airport
PWA,Wiley Post Airport
PWD,Sher-Wood Airport
PWK,Chicago Executive Airport
PWM,Portland International Jetport
PWT,Bremerton National Airport
KPY,Port Bailey Seaplane Base
PYM,Plymouth Municipal Airport
KQA,Akutan Seaplane Base
RAC,John H Batten Airport
RAL,Riverside Municipal Airport
RAP,Rapid City Regional Airport
RBD,Dallas Executive Airport
RBG,Roseburg Regional Airport
RBL,Red Bluff Municipal Airport
RBW,Lowcountry Regional Airport
RCA,Ellsworth Air Force Base
RCK,H H Coffield Regional Airport
RCR,Fulton County Airport
RCT,Nartron Field
RDD,Redding Municipal Airport
RDG,Reading Regional Airport (Carl A Spaatz Field)
RDM,Roberts Field
RDR,Grand Forks Air Force Base
RDU,Raleigh Durham International Airport
REO,Rome State Airport
RFD,Chicago Rockford International Airport
RFG,Rooke Field
RHI,Rhinelander Oneida County Airport
RHV,Reid-Hillview Airport of Santa Clara County
RIC,Richmond International Airport
RIL,Garfield County Regional Airport
RIV,March Air Reserve Base
RIW,Riverton Regional Airport
RKD,Knox County Regional Airport
RKP,Aransas County Airport
RKS,Southwest Wyoming Regional Airport
RKW,Rockwood Municipal Airport
RME,Griffiss International Airport
RMG,Richard B Russell Airport
RNC,Warren County Memorial Airport
RND,Randolph Air Force Base
RNO,Reno Tahoe International Airport
RNT,Renton Municipal Airport
ROA,Roanoke–Blacksburg Regional Airport
ROC,Greater Rochester International Airport
ROG,Rogers Municipal Airport-Carter Field
ROW,Roswell Air Center Airport
ROX,Roseau Municipal Rudy Billberg Field
RIE,Rice Lake Regional Airport - Carl's Field
RPX,Roundup Airport
WBR,Roben Hood Airport
RQO,El Reno Regional Airport
RRL,Merrill Municipal Airport
RRT,Warroad International Memorial Airport
RSL,Russell Municipal Airport
RSN,Ruston Regional Airport
RST,Rochester International Airport
RSW,Southwest Florida International Airport
RTN,Raton Municipal Airport / Crews Field
SRW,Mid-Carolina Regional Airport
RUT,Rutland - Southern Vermont Regional Airport
RED,Mifflin County Airport
RVS,Richard Lloyd Jones Jr Airport
RWF,Redwood Falls Municipal Airport
RWI,Rocky Mount Wilson Regional Airport
RWL,Rawlins Municipal Airport/Harvey Field
RXE,Rexburg Madison County Airport
RNZ,Jasper County Airport
RZZ,Halifax County Airport
AHM,Ashland Municipal Sumner Parker Field
BDY,Bandon State Airport
SUO,Sunriver Airport
MDJ,Madras Municipal Airport
PRZ,Prineville Airport
IDH,Idaho County Airport
SAA,Shively Field
SAC,Sacramento Executive Airport
SAD,Safford Regional Airport
SAF,Santa Fe Municipal Airport
SAN,San Diego International Airport
SAR,Sparta Community Hunter Field
SAT,San Antonio International Airport
SAV,Savannah Hilton Head International Airport
MQT,Sawyer International Airport
SBA,Santa Barbara Municipal Airport
SBD,San Bernardino International Airport
SBM,Sheboygan County Memorial Airport
SBN,South Bend Regional Airport
SBP,San Luis County Regional Airport
SBS,Steamboat Springs Bob Adams Field
SBX,Shelby Airport
SBY,Salisbury Ocean City Wicomico Regional Airport
SCB,Scribner State Airport
SCH,Schenectady County Airport
SCK,Stockton Metropolitan Airport
SDF,Louisville Muhammad Ali International Airport
SCF,Scottsdale Airport
SDM,Brown Field Municipal Airport
SDY,Sidney - Richland Regional Airport
SEA,Seattle Tacoma International Airport
SEE,Gillespie Field
SEF,Sebring Regional Airport
SEG,Penn Valley Airport
SEM,Craig Field
SEP,Stephenville Clark Regional Airport
SER,Freeman Municipal Airport
SDX,Sedona Airport
SFB,Orlando Sanford International Airport
SFF,Felts Field
SFM,Sanford Seacoast Regional Airport
SFO,San Francisco International Airport
SFZ,North Central State Airport
SGF,Springfield Branson National Airport
SGH,Springfield-Beckley Municipal Airport
UST,Northeast Florida Regional Airport
SGR,Sugar Land Regional Airport
SGT,Stuttgart Municipal Airport / Carl Humphrey Field
SGU,Saint George-Southwest Utah International Airport
SHD,Shenandoah Valley Regional Airport
SHN,Sanderson Field
SHR,Sheridan County Airport
SHV,Shreveport Regional Airport
SIK,Sikeston Memorial Municipal Airport
SIV,Sullivan County Airport
SJC,Norman Y. Mineta San Jose International Airport
SJN,St Johns Industrial Air Park
SJT,San Angelo Regional Mathis Field
SKA,Fairchild Air Force Base
SKF,Lackland Air Force Base
TSM,Taos Regional Airport
SKY,Griffing Sandusky Airport
SLB,Storm Lake Municipal Airport
SLC,Salt Lake City International Airport
SLE,Salem Municipal Airport/McNary Field
SLG,Smith Field
SLK,Adirondack Regional Airport
SLN,Salina Municipal Airport
SLO,Salem Leckrone Airport
SLR,Sulphur Springs Municipal Airport
SMD,Smith Field
SME,Lake Cumberland Regional Airport
SMF,Sacramento International Airport
SMN,Lemhi County Airport
SMO,Santa Monica Municipal Airport
SUM,Sumter Airport
SMX,Santa Maria Pub/Capt G Allan Hancock Field
SNA,John Wayne Airport-Orange County Airport
SNK,Winston Field
SNL,Shawnee Regional Airport
SNS,Salinas Municipal Airport
SNY,Sidney Municipal-Lloyd W Carr Field
SOP,Moore County Airport
SOW,Show Low Regional Airport
SPA,Spartanburg Downtown Memorial Airport
SPF,Black Hills Airport-Clyde Ice Field
SPG,Albert Whitted Airport
SPI,Abraham Lincoln Capital Airport
SPS,Sheppard Air Force Base-Wichita Falls Municipal Airport
SPW,Spencer Municipal Airport
SQI,Whiteside County Airport-Joseph H Bittorf Field
SQL,San Carlos Airport
SRQ,Sarasota Bradenton International Airport
RUI,Sierra Blanca Regional Airport
SSC,Shaw Air Force Base
SSF,Stinson Municipal Airport
SSI,St Simons Island Airport
STC,Saint Cloud Regional Airport
STE,Stevens Point Municipal Airport
STJ,Rosecrans Memorial Airport
STK,Sterling Municipal Airport
STL,St Louis Lambert International Airport
STP,St Paul Downtown Holman Field
STS,Charles M. Schulz Sonoma County Airport
SUA,Witham Field
SUD,Stroud Municipal Airport
SUE,Door County Cherryland Airport
SUN,Friedman Memorial Airport
SUS,Spirit of St Louis Airport
SUU,Travis Air Force Base
SUW,Richard I Bong Airport
SUX,Sioux Gateway Airport / Brigadier General Bud Day Field
SVC,Grant County Airport
SVE,Susanville Municipal Airport
SVH,Statesville Regional Airport
SVN,Hunter Army Air Field
SWF,New York Stewart International Airport
SWO,Stillwater Regional Airport
SWW,Avenger Field
SYI,Bomar Field Shelbyville Municipal Airport
SYR,Syracuse Hancock International Airport
SYV,Sylvester Airport
SZL,Whiteman Air Force Base
TBC,Tuba City Airport
TAD,Perry Stokes Airport
KTB,Thorne Bay Seaplane Base
TBN,Waynesville-St. Robert Regional Forney field
TBR,Statesboro Bulloch County Airport
TCC,Tucumcari Municipal Airport
TCL,Tuscaloosa Regional Airport
TCM,McChord Air Force Base
TCS,Truth or Consequences Municipal Airport
TDO,Ed Carlson Memorial Field South Lewis County Airport
TDW,Tradewind Airport
TDZ,Toledo Executive Airport
TEB,Teterboro Airport
TEX,Telluride Regional Airport
THA,Tullahoma Regional Arpt/Wm Northern Field
THM,Thompson Falls Airport
THV,York Airport
TIK,Tinker Air Force Base
TIW,Tacoma Narrows Airport
TIX,Space Coast Regional Airport
KNT,Kennett Memorial Airport
TLH,Tallahassee Regional Airport
TLR,Mefford Field
TMA,Henry Tift Myers Airport
TMB,Miami Executive Airport
OTK,Tillamook Airport
TNP,Twentynine Palms Airport
TNT,Dade Collier Training and Transition Airport
TNU,Newton Municipal Airport
XSD,Tonopah Test Range Airport
TOA,Zamperini Field
TOC,Toccoa Airport - R.G. Letourneau Field
TOI,Troy Municipal Airport at N Kenneth Campbell Field
TOL,Toledo Express Airport
TOP,Philip Billard Municipal Airport
TOR,Torrington Municipal Airport
TPA,Tampa International Airport
TPF,Peter O Knight Airport
TPH,Tonopah Airport
TPL,Draughon Miller Central Texas Regional Airport
TRI,Tri-Cities Regional TN/VA Airport
TKF,Truckee Tahoe Airport
TRL,Terrell Municipal Airport
TRM,Jacqueline Cochran Regional Airport
TSP,Tehachapi Municipal Airport
TTD,Portland Troutdale Airport
TTN,Trenton Mercer Airport
TUL,Tulsa International Airport
TUP,Tupelo Regional Airport
TUS,Tucson International Airport / Morris Air National Guard Base
TVC,Cherry Capital Airport
TVF,Thief River Falls Regional Airport
TVI,Thomasville Regional Airport
TVL,Lake Tahoe Airport
TWF,Joslin Field Magic Valley Regional Airport
TXK,Texarkana Regional Webb Field
TYZ,Taylor Airport
TYR,Tyler Pounds Regional Airport
TYS,McGhee Tyson Airport
BFG,Bullfrog Basin Airport
NPH,Nephi-Central Utah International Airport
RVR,Green River Municipal Airport
UTH,South Valley International Airport
PNU,Panguitch Municipal Airport
ICS,Cascade Airport
UAY,University of Arizona Training Field (Under Planning/Construction)
UBS,Columbus Lowndes County Airport
UCY,Everett-Stewart Regional Airport
UDD,Bermuda Dunes Airport
UES,Waukesha County Airport
UGN,Waukegan National Airport
UIL,Quillayute Airport
UIN,Quincy Regional Baldwin Field
UIZ,Berz-Macomb Airport
IKB,Wilkes County Airport
UKI,Ukiah Municipal Airport
UKT,Quakertown Airport
ULM,New Ulm Municipal Airport
ATO,Ohio University Snyder Field
UNU,Dodge County Airport
SCE,University Park Airport
UOS,Franklin County Airport
UOX,University Oxford Airport
UTM,Tunica Municipal Airport
HTV,Huntsville Regional Airport
NPT,Newport State Airport
UVA,Garner Field
RKH,Rock Hill - York County Airport
VAD,Moody Air Force Base
LLY,South Jersey Regional Airport
VBG,Vandenberg Air Force Base
VCT,Victoria Regional Airport
VCV,Southern California Logistics Airport
VDI,Vidalia Regional Airport
VEL,Vernal Regional Airport
VGT,North Las Vegas Metropolitan International Airport
VHN,Culberson County Airport
VIH,Rolla National Airport
VIS,Visalia International Airport
VJI,Virginia Highlands Airport
VKS,Vicksburg Municipal Airport
VLA,Vandalia Municipal Airport
VLD,Valdosta Regional Airport
VNC,Venice Municipal Airport
VNY,Van Nuys Airport
VOK,Volk Field
VPS,Destin-Fort Walton Beach Airport
VPZ,Porter County Municipal Airport
VQQ,Cecil Airport
VRB,Vero Beach Regional Airport
VSF,Hartness State (Springfield) Airport
VTN,Miller Field
VYS,Illinois Valley Regional Airport-Walter A Duncan Field
GTY,Gettysburg Regional Airport
SQV,Sequim Valley Airport
PGC,Grant County Airport
WAL,Wallops Flight Facility Airport
WAY,Greene County Airport
WBW,Wilkes Barre Wyoming Valley Airport
WDG,Enid Woodring Regional Airport
WDR,Barrow County Airport
KWF,Waterfall Seaplane Base
WHP,Whiteman Airport
WJF,General WM J Fox Airfield
WLD,Strother Field
WLW,Willows Glenn County Airport
WMC,Winnemucca Municipal Airport
KWP,West Point Village Seaplane Base
WRB,Robins Air Force Base
WRI,Mc Guire Air Force Base
WRL,Worland Municipal Airport
WSD,Condron Army Air Field
WST,Westerly State Airport
WVI,Watsonville Municipal Airport
WVL,Waterville Robert Lafleur Airport
WWD,Cape May County Airport
WWR,West Woodward Airport
WYS,Yellowstone Airport
KYO,Tampa North Aero Park Airport
KXA,Kasaan Seaplane Base
XNA,Northwest Arkansas Regional Airport
WBK,West Branch Community Airport
YIP,Willow Run Airport
YKM,Yakima Air Terminal McAllister Field
YKN,Chan Gurney Municipal Airport
KYL,Port Largo Airport
YNG,Youngstown Warren Regional Airport
KZB,Zachar Bay Seaplane Base
ZPH,Zephyrhills Municipal Airport
ZZV,Zanesville Municipal Airport
LHS,Lake Havasu City International Airport
LOR,Lowe AHP (Fort Rucker) Heliport
LRO,Sharpe AAF
LTH,Lathrop Wells Airport / Jackass Aeropark
DRU,Drummond Airport
UWA,Ware Airport
LIZ,Loring International Airport
MGI,Matagorda Island Air Force Base
MHN,Hooker County Airport
MOS,Moses Point Airport
MTX,Metro Field
MXC,Monticello Airport
MYK,May Creek Airport
MPE,Griswold Airport
EPG,Browns Airport
HBB,Industrial Airpark
NRC,NASA Crows Landing Airport
UCC,Yucca Airstrip
NLN,Kneeland Airport
BZF,Benton Field
OBK,Sky Harbor Airport
DWN,Downtown Airpark
OLH,Old Harbor Airport
ORI,Port Lions Airport
AKB,Atka Airport
PML,Port Moller Airport
PTD,Port Alexander Seaplane Base
PAQ,"Warren ""Bud"" Woods Palmer Municipal Airport"
ATU,Casco Cove Coast Guard Station
BTI,Barter Island Long Range Radar Station Airport
BET,Bethel Airport
BVU,Beluga Airport
BIG,Allen Army Airfield
BKC,Buckland Airport
BMX,Big Mountain Airport
BRW,Wiley Post Will Rogers Memorial Airport
BTT,Bettles Airport
CDB,Cold Bay Airport
CEM,Central Airport
CIK,Chalkyitsik Airport
CYF,Chefornak Airport
SCM,Scammon Bay Airport
IRC,Circle City /New/ Airport
CDV,Merle K (Mudhole) Smith Airport
CXF,Coldfoot Airport
CYT,Yakataga Airport
CZF,Cape Romanzof LRRS Airport
DRG,Deering Airport
RDB,Red Dog Airport
ADK,Adak Airport
DLG,Dillingham Airport
MLL,Marshall Don Hunter Sr Airport
ADQ,Kodiak Airport
DUT,Tom Madsen (Dutch Harbor) Airport
KKH,Kongiganak Airport
EDF,Elmendorf Air Force Base
EEK,Eek Airport
EAA,Eagle Airport
EHM,Cape Newenham LRRS Airport
EIL,Eielson Air Force Base
ELV,Elfin Cove Seaplane Base
EMK,Emmonak Airport
ENA,Kenai Municipal Airport
WWT,Newtok Airport
FAI,Fairbanks International Airport
FBK,Ladd AAF Airfield
ABL,Ambler Airport
FRN,Bryant Army Heliport
NIB,Nikolai Airport
FWL,Farewell Airport
GAL,Edward G. Pitka Sr Airport
GBH,Galbraith Lake Airport
KWK,Kwigillingok Airport
SHG,Shungnak Airport
GKN,Gulkana Airport
GLV,Golovin Airport
GAM,Gambell Airport
AGN,Angoon Seaplane Base
BGQ,Big Lake Airport
GST,Gustavus Airport
NME,Nightmute Airport
SGY,Skagway Airport
HCR,Holy Cross Airport
HSL,Huslia Airport
HNS,Haines Airport
HOM,Homer Airport
HPB,Hooper Bay Airport
HUS,Hughes Airport
SHX,Shageluk Airport
HYG,Hydaburg Seaplane Base
IGG,Igiugig Airport
EGX,Egegik Airport
IAN,Bob Baker Memorial Airport
ILI,Iliamna Airport
UTO,Indian Mountain LRRS Airport
MCL,McKinley National Park Airport
WAA,Wales Airport
JNU,Juneau International Airport
KGK,Koliganek Airport
KDK,Kodiak Municipal Airport
KFP,False Pass Airport
AKK,Akhiok Airport
KPN,Kipnuk Airport
KKA,Koyuk Alfred Adams Airport
LKK,Kulik Lake Airport
AKN,King Salmon Airport
IKO,Nikolski Air Station
AKP,Anaktuvuk Pass Airport
KTN,Ketchikan International Airport
UUK,Ugnu-Kuparuk Airport
KAL,Kaltag Airport
KLW,Klawock Airport
KYK,Karluk Airport
KLN,Larsen Bay Airport
KLG,Kalskag Airport
DQH,Alpine Airstrip
WCR,Chandalar Lake Airport
LUR,Cape Lisburne LRRS Airport
KMO,Manokotak Airport
MCG,McGrath Airport
MDO,Middleton Island Airport
LMA,Minchumina Airport
SMK,St Michael Airport
MLY,Manley Hot Springs Airport
MTM,Metlakatla Seaplane Base
MOU,Mountain Village Airport
MRI,Merrill Field
MXY,Mc Carthy Airport
MYU,Mekoryuk Airport
WNA,Napakiak Airport
ANC,Ted Stevens Anchorage International Airport
ANI,Aniak Airport
ENN,Nenana Municipal Airport
NNL,Nondalton Airport
FNR,Funter Bay Seaplane Base
ANN,Annette Island Airport
NUL,Nulato Airport
ANV,Anvik Airport
KNW,New Stuyahok Airport
OBU,Kobuk Airport
PCA,Portage Creek Airport
HNH,Hoonah Airport
OME,Nome Airport
OOK,Toksook Bay Airport
ORT,Northway Airport
OTZ,Ralph Wien Memorial Airport
NLG,Nelson Lagoon Airport
STG,St George Airport
KPC,Port Clarence Coast Guard Station
KPV,Perryville Airport
PSG,Petersburg James A Johnson Airport
PTH,Port Heiden Airport
PKA,Napaskiak Airport
PTU,Platinum Airport
PIP,Pilot Point Airport
PHO,Point Hope Airport
PPC,Prospect Creek Airport
KWN,Quinhagak Airport
NUI,Nuiqsut Airport
ARC,Arctic Village Airport
RSH,Russian Mission Airport
RBY,Ruby Airport
SVA,Savoonga Airport
SCC,Deadhorse Airport
SDP,Sand Point Airport
SHH,Shishmaref Airport
SIT,Sitka Rocky Gutierrez Airport
WLK,Selawik Airport
SLQ,Sleetmute Airport
KSM,St Mary's Airport
SNP,St Paul Island Airport
SOV,Seldovia Airport
SMU,Sheep Mountain Airport
UMM,Summit Airport
SVW,Sparrevohn LRRS Airport
SKW,Skwentna Airport
SXQ,Soldotna Airport
SYA,Eareckson Air Station
TAL,Ralph M Calhoun Memorial Airport
TNC,Tin City Long Range Radar Station Airport
TLA,Teller Airport
TOG,Togiak Airport
TKA,Talkeetna Airport
TLJ,Tatalina LRRS Airport
ATK,Atqasuk Edward Burnell Sr Memorial Airport
AUK,Alakanuk Airport
UMT,Umiat Airport
UNK,Unalakleet Airport
WOW,Willow Airport
KQA,Akutan Airport
VAK,Chevak Airport
KVC,King Cove Airport
VDZ,Valdez Pioneer Field
VEE,Venetie Airport
KVL,Kivalina Airport
WBQ,Beaver Airport
SWD,Seward Airport
WRG,Wrangell Airport
AIN,Wainwright Airport
WMO,White Mountain Airport
WTK,Noatak Airport
WWA,Wasilla Airport
YAK,Yakutat Airport
PEC,Pelican Seaplane Base
AKI,Akiak Airport
AET,Allakaket Airport
PFC,Pacific City State Airport
NCN,Chenega Bay Airport
CLP,Clarks Point Airport
ELI,Elim Airport
KUK,Kasigluk Airport
KNK,Kokhanok Airport
KOT,Kotlik Airport
KTS,Brevig Mission Airport
KYU,Koyukuk Airport
KWT,Kwethluk Airport
ORV,Robert (Bob) Curtis Memorial Airport
SKK,Shaktoolik Airport
TKJ,Tok Junction Airport
WSN,South Naknek Number 2 Airport
FYU,Fort Yukon Airport
PGM,Port Graham Airport
BKH,Barking Sands Airport
HDH,Dillingham Airfield
HHI,Wheeler Army Airfield
HNM,Hana Airport
HIK,Hickam Air Force Base
JHM,Kapalua Airport
JRF,Kalaeloa Airport
KOA,Ellison Onizuka Kona International Airport at Keahole
HKP,Kaanapali Airport
LIH,Lihue Airport
LUP,Kalaupapa Airport
MKK,Molokai Airport
MUE,Waimea Kohala Airport
NGF,Kaneohe Bay MCAS (Marion E. Carl Field) Airport
HNL,Daniel K Inouye International Airport
LNY,Lanai Airport
OGG,Kahului Airport
PAK,Port Allen Airport
BSF,Bradshaw Army Airfield
ITO,Hilo International Airport
UPP,Upolu Airport
PIZ,Point Lay LRRS Airport
PWR,Port Walter Seaplane Base
PYL,Perry Island Seaplane Base
RDV,Red Devil Airport
REH,Rehoboth Airport
RMP,Rampart Airport
LPS,Lopez Island Airport
KEH,Kenmore Air Harbor Inc Seaplane Base
SAS,Salton Sea Airport
SFR,San Fernando Airport
SKJ,Sitkinak Airport
SRF,Hamilton Field
SRU,Santa Cruz Sky Park
SRV,Stony River 2 Airport
SSU,Greenbrier Airport
SVS,Stevens Village Airport
SXP,Nunam Iqua Airport
SYB,Seal Bay Seaplane Base
SYL,Roberts Army Heliport
SYN,Stanton Airfield
SZN,Santa Cruz Island Airport
SZP,Santa Paula Airport
TCT,Takotna Airport
TKE,Tenakee Seaplane Base
TKL,Taku Lodge Seaplane Base
TLT,Tuluksak Airport
PTA,Port Alsworth Airport
TSG,Tanacross Airport
TWH,Two Harbors Amphibious Terminal
TYE,Tyonek Airport
DBS,Dubois Municipal Airport
UGB,Ugashik Bay Airport
LHU,Havasu Airpark
BNH,Cape Air Seaplanes on Boston Harbor Seaplane Base
XWA,Williston Basin International Airport
RTL,Spirit Lake Municipal Airport
BPA,Grumman Bethpage Airport
GMV,Monument Valley Airport
FBS,Friday Harbor Seaplane Base
RSJ,Rosario Seaplane Base
LKE,Kenmore Air Harbor Seaplane Base
RCE,Roche Harbor Airport
WSX,Westsound/Wsx Seaplane Base
WBB,Stebbins Airport
WEA,Parker County Airport
JBK,Berkeley Municipal Heliport
DTR,Decatur Shores Airport
WSB,Steamboat Bay Seaplane Base
UGI,San Juan /Uganik/ Seaplane Base
WSM,Wiseman Airport
GWV,Glendale Fokker Field
MPB,Miami Seaplane Base
UKN,Waukon Municipal Airport
KKI,Akiachak Airport
BCC,Bear Creek 3 Airport
JBT,Bethel Seaplane Base
CZP,Cape Pole Seaplane Base
KBW,Chignik Bay Seaplane Base
KBC,Birch Creek Airport
CZC,Copper Center 2 Airport
ZNC,Nyac Airport
